Set,Seq,Shape,ShapeName,startCos,startSin,DiagLen,DiagAngle,EndDist,EndCos,EndSin,PathLen,TotalRotSum,AbsRotSum,RotSquaredSum,AvgSpeed,TotalTime,AvgPressure,StrokeCount
1,1,1,Line,-1,0,526.575730545949,0.169831752763945,525.590144504252,0.985558815012769,-0.169333464355476,528.689099881526,0.179853499792478,0.530335877771499,0.0335393020727257,0,0,541.190476190476,1
1,1,2,Psi,-0.316227766016838,0.948683298050514,292.138665705175,0.95810738119173,235.849528301415,0.360399279202162,0.932798134405597,473.590943771352,3.49559009042169,6.62211399280972,4.15431287940275,473.590943771352,1,506.888888888889,2
1,1,3,Pound,-0.447213595499958,0.894427190999916,328.671568590896,0.697075630724769,222.081066279861,0.783497679089534,0.621394711002044,898.707526915177,5.37343214923537,10.8651114546333,8.68383275143058,898.707526915177,1,545.766666666667,4
1,1,4,Infinity,-0.707106781186547,0.707106781186547,225.01555501787,0.531273413841814,81.6884324736373,0.636565036509687,-0.77122302500212,588.718129460618,-2.35619449019234,12.7380757597741,3.88153534033494,588.718129460618,1,601.862068965517,1
1,2,1,Line,-1,0,247.291326172189,0.0485448263888282,234.3074902772,0.998687663476589,-0.0512147519731584,260.463003051237,6.93889390390723E-18,0.225688144205764,0.0107533894214253,0,0,570.076923076923,1
1,2,2,Infinity,-0.948683298050514,0.316227766016838,218.197158551618,0.321750554396642,20.6155281280883,-0.242535625036333,-0.970142500145332,502.00180068041,-1.03037682652431,10.5768214756784,4.04737596861863,0,0,630.377049180328,1
1,2,3,Pound,0,-1,342.854196415911,0.604991260230363,223.394270293578,0.966900358349118,0.255154261231017,860.392757768139,1.72116775480203,9.60769778125924,6.48702465240196,860.392757768139,1,584.372881355932,4
1,2,4,Psi,0,-1,263.91096983642,0.750559718001069,130.268952555857,0.974906126964866,0.222616359700639,476.359830228871,2.57025517375617,7.69987316403868,3.69118463647933,476.359830228871,1,542.490196078431,2
1,2,4,Psi,0,1,257.503398035832,1.22202532321099,228.019735987918,0.0131567558702855,0.9999134461417,429.361131898002,3.14159265358979,8.71404116096451,7.03463447958511,429.361131898002,1,619.810810810811,2
1,3,1,Infinity,0.447213595499958,-0.894427190999916,158.773423468791,0.387523805780279,5.3851648071345,0.928476690885259,0.371390676354104,373.716703024453,0.927295218001613,12.4070381359725,5.55952964666216,0,0,581.532258064516,1
1,3,2,Pound,-0.316227766016838,0.948683298050514,337.843158877015,0.65948553771165,217.609742428964,0.942053410439194,0.335462921766152,815.426883680337,5.17120570909152,10.3975550713001,8.64456311308169,815.426883680337,1,650.722222222222,4
1,3,3,Line,-1,0,394.102778472824,0.0228386678460306,387.063302316301,0.999836454874637,-0.0180848971165955,401.827697238264,0.110657221173896,1.21062331479832,0.444684150033919,0,0,595.090909090909,1
1,3,4,Psi,0,-1,180.424499445059,0.82067763699104,90.0222194794152,0.99975317783161,0.0222167372851469,348.727549831271,2.58299333824623,4.50765339464303,1.10705204631979,348.727549831271,1,543.260869565217,2
1,3,5,Infinity,-0.8,-0.6,257.47232861028,0.299641135544059,12,0,-1,603.127622332172,-1.54754470398443,10.8443593460844,5.18544998522764,0,0,620.285714285714,1
1,4,1,Line,-1,0,363.269872133652,0.0385483877355626,348.173807171074,0.999500803427788,0.0315934162003037,379.203485961119,0,1.74364286191108,0.512028091854179,379.203485961119,1,624.230769230769,1
1,4,2,Pound,0,1,347.397466887714,0.750788770591902,191.400104493179,0.862068494878381,0.506791781837594,939.597699357316,1.21132781993139,5.97040374392086,3.01084182874736,0,0,591.633333333333,4
1,4,3,Infinity,-0.832050294337844,-0.554700196225229,246.981780704569,0.270513386993223,17.7200451466693,-0.28216632399155,-0.959365501571271,538.877426971133,-1.96558744649466,11.0138712555153,4.71311801268121,0,0,566.544117647059,1
1,4,4,Psi,-1,0,268.001865665148,1.07710767457451,232.174503337468,0.0387639463878529,0.999248395775765,516.489558506343,4.87753765779932,8.33870359873187,6.22260790527395,516.489558506343,1,536.869565217391,2
1,4,5,Pound,0,1,372.592270451227,0.699892869719244,229.24222996647,0.81136883037303,0.584534533709602,945.724756765398,8.01913031138911,12.6837403817979,10.7930037184326,945.724756765398,1,579.589285714286,4
1,4,6,Psi,0,-1,275.974636515749,1.12497503025998,223.403222895284,0.111905279055523,0.993718878013045,463.09897768623,8.63937979737193,9.78450671146045,7.02030375489542,463.09897768623,1,452.866666666667,2
1,5,1,Pound,0,1,259.624729176556,0.601890599478535,156.780100778128,0.918483910172923,0.395458350213342,707.055212936683,-1.04172600616944,12.6602332720745,12.9795924844558,707.055212936683,1,569.552631578947,4
1,5,2,Line,1,0,348.035917686666,0.0143668275451437,348.022987746499,0.999933947620391,0.0114934936508091,348.62918980462,-0.321750554396642,0.777487032959073,0.0988460241181866,0,0,535.238095238095,1
1,5,3,Psi,0,1,276.826660565777,1.11037972432138,248.453214911782,0.0603735395628752,0.998175854106204,501.583889522819,3.78509376238308,7.64701122506994,4.03966369682694,501.583889522819,1,529.674418604651,2
1,5,4,Line,-1,0,295.54864235858,0.0609413944394145,293.552380334413,0.998118290392386,0.0613178471913411,298.886162848693,-1.66533453693773E-16,2.07477621029928,0.916468330403639,0,0,547.565217391304,1
1,5,5,Line,-1,0,337.783954621885,0.0681435858674845,336.072908756418,0.999783056728112,-0.0208288136818357,343.716195845673,-1.24904577239825,1.54320248317506,0.594621754011413,0,0,586.5,1
1,5,6,Infinity,0,-1,237.255136930689,0.295090206022044,16.4012194668567,-0.609710760849692,0.7926239891046,507.537949018154,-3.88578058618805E-16,8.2647883298493,3.3467901641642,0,0,558.745454545455,1
1,5,7,Line,0.989949493661166,0.14142135623731,336.594711782583,0.0594536593086569,336.594711782583,0.998233151734817,0.0594186399842153,337.265368122908,-0.179853499792478,0.512920935952907,0.0696919427860511,0,0,541.933333333333,1
1,6,1,Line,0,1,326.583833035256,0.125874173021048,325.779066239683,0.994539040644268,0.104365207968843,329.942037721424,1.05165021254837,1.46390294553945,0.288527773585974,0,0,524.083333333333,1
1,6,2,Pound,0,-1,316.660701698206,0.623920541444569,198.909527172531,0.819468038142869,0.573124885572313,827.212663455605,4.5526332766908,10.6464466101028,8.60460927128849,827.212663455605,1,569.55223880597,4
1,6,3,Psi,1,0,371.238467834356,1.05532543823272,323.618602679141,0.0618011444163778,0.998088482324501,669.192488916111,6.48058086702947,6.70888340113508,3.53507639315115,669.192488916111,1,527.936170212766,2
1,6,4,Pound,0,-1,289.663597989116,0.72922261018477,190.065778087482,0.815507144735217,0.578747005941122,801.320151680831,0.124354994546762,12.7762209017806,9.3407942224874,801.320151680831,1,522,4
1,6,5,Infinity,-1,0,262.011450131478,0.195898554980132,18.1107702762748,-0.993883734673619,-0.110431526074847,561.629027042524,0.352990387826911,9.81759381726385,5.14967985580422,561.629027042524,1,481.242424242424,1
1,6,6,Line,0,1,286.681007393235,0.108345977215383,286.681007393235,0.994136314056797,0.108134125388634,287.873223680711,1.5707963267949,1.94825546175635,1.79074482392512,0,0,483.458333333333,1
1,6,7,Infinity,-0.707106781186547,0.707106781186547,215.675682449367,0.330547981390422,4.12310562561766,-0.242535625036333,-0.970142500145332,513.367215728965,-1.10714871779409,11.345640955071,6.13799919575435,513.367215728965,1,494.333333333333,1
1,6,8,Psi,-0.447213595499958,0.894427190999916,310.01451578918,1.16632808982798,285.567855333894,-0.0630323044551141,0.998011487205973,613.178148573028,7.7357241248354,9.57880173244885,6.15902400817812,613.178148573028,1,511.77358490566,2
1,7,1,Pound,0.707106781186547,-0.707106781186547,287.784641702784,0.5320764280617,201.63829001457,0.828215712342792,0.560409434100213,801.592791077827,1.93949222945295,11.6056520432017,7.68483861313759,801.592791077827,1,528.5875,4
1,7,2,Psi,-0.447213595499958,-0.894427190999916,245.153013442625,1.13269060719138,216.020832328736,0.166650593889093,0.986016013843798,444.092601471485,7.39033402497368,9.76851666576124,5.45911768201878,0,0,468.163636363636,2
1,7,3,Line,-1,0,291.233583228308,0.123929100194318,282.704793026224,0.99396970596793,0.109655020943081,303.731571244698,1.5707963267949,3.78509376238308,1.92311521754521,303.731571244698,1,500.84,1
1,7,4,Line,-1,0,333.061555872184,0.111320351050169,331.074009852782,0.993735509913012,0.111757488956783,341.677110892968,-1.5707963267949,3.507212422349,2.15760659551703,0,0,564.545454545455,1
1,7,5,Psi,0,1,266.833281282527,1.1540940660555,230.672928624059,0.177740839571254,0.984077331284745,450.256884611833,3.04192400109863,7.50890062430681,4.00450329597099,450.256884611833,1,374.588235294118,2
1,7,6,Infinity,-0.948683298050514,0.316227766016838,242.330353030734,0.293037820828515,24.0208242989286,-0.999133073092352,0.0416305447121813,537.14174664543,-0.519146114246522,10.2398868312954,4.10127772728263,537.14174664543,1,464.054794520548,1
1,7,7,Infinity,-0.707106781186547,-0.707106781186547,258.383436001614,0.270325346378667,11.0453610171873,-0.0905357460425185,-0.995893206467704,562.444904496733,-0.785398163397448,10.2515983267485,4.01177843175169,0,0,515.6875,1
1,7,8,Pound,0,1,354.492595127176,0.602868488013462,217.448844558898,0.827780898836852,0.561051498100533,925.005050310347,4.71238898038469,10.6446141567233,6.29847078725355,0,0,528.520547945206,4
1,7,9,Psi,0,-1,245.252930665466,1.06884629176386,217.524711239896,0.179289974815731,0.983796272065805,416.280630054755,3.33898821343967,6.77005253841991,4.39374897694909,0,0,482.886363636364,2
1,8,1,Psi,-0.707106781186547,-0.707106781186547,229.505991207201,1.13443239414032,209.02152999153,0.138741688481446,0.990328603988251,409.734721428793,3.14159265358979,6.69739650916888,4.11982595481677,409.734721428793,1,498.148148148148,2
1,8,2,Pound,0,-1,263.590591637866,0.720971323971895,163.783393541592,0.854787515221729,0.518978134241764,717.372103585384,5.03413953478133,13.3637141413278,12.6766883034979,717.372103585384,1,573.36,4
1,8,3,Line,1,0,252.239965112589,0.0436231013481547,252.239965112589,0.999048663392886,0.0436092670528641,252.937991183516,-0.785398163397448,2.21406729356129,0.853251342462182,0,0,635.52380952381,1
1,8,4,Pound,0,1,343.372975057735,0.596887668600674,236.163079248218,0.901919134345837,0.431904937574063,879.889791982691,7.08205867551378,10.8480981418158,8.94695073381136,879.889791982691,1,558.953125,4
1,8,5,Pound,0,1,350.34268937713,0.70862627212767,169.62311163282,0.789986687015078,0.6131239958923,942.178615461906,1.5707963267949,11.2297293737115,7.57507755438601,942.178615461906,1,542.106060606061,4
1,8,6,Infinity,0,-1,295.367567617029,0.313185453358283,41.4004830889689,-0.79709214815401,0.603857687995462,615.054969674822,2.0344439357957,7.70375403282352,1.89218523691481,615.054969674822,1,545.52380952381,1
1,8,7,Psi,-1,0,271.621059566448,1.14173130040909,247.935475476988,0.177465527736001,0.984127017445097,483.429045219089,5.03413953478133,6.05266466854181,2.54380680798785,0,0,514.854166666667,2
1,8,8,Line,0.707106781186547,-0.707106781186547,338.289816577443,0.0413964555495341,338.053250243212,0.999842479718287,0.0177486830719223,340.071506879621,-0.643501108793284,1.34794696533173,0.276110243088426,340.071506879621,1,428.045454545455,1
1,8,9,Psi,0,1,266.101484400219,1.11555188134174,240.634577731464,0.116359004861083,0.993207220064241,452.559295787329,3.6052402625906,7.94419605142984,5.34613088793264,0,0,475.560975609756,2
1,8,10,Infinity,-1,0,267.166614680802,0.276757243775829,37.3630833845388,-0.963517909629941,0.267643863786095,559.419091658626,4.83674397493145,11.0985671288116,5.84180835540309,559.419091658626,1,554.367647058824,1
1,9,1,Line,-1,0,264.370951505645,0.0529806759041031,257.381040482783,0.998519547197151,0.0543940609368098,271.693722593772,-0.141897054604164,1.49055374311405,0.48740826793091,0,0,573.636363636364,1
1,9,2,Pound,0,1,268.218194759416,0.575593726533336,141.693330824002,0.924531869200788,0.381104739975897,739.030973958436,7.47188188359578,9.6895295957784,7.40459543805702,739.030973958436,1,591.42,4
1,9,3,Psi,0.371390676354104,-0.928476690885259,251.031870486598,0.998262102678598,199.461775786741,0.185499200807073,0.982644415086117,486.8907103309,3.7331923639249,6.35921961253706,3.26830890948497,0,0,594.046511627907,2
1,9,4,Psi,0.316227766016838,0.948683298050514,233.565836542933,0.964980880634942,173.219513912261,0.219374821818561,0.975640654929916,444.513326514167,6.25993368436912,6.89272539083444,3.32507887722504,444.513326514167,1,551.657142857143,2
1,9,5,Pound,0.0995037190209989,0.995037190209989,311.001607712886,0.694326584165619,181.011049386495,0.806580595465534,0.59112413503296,817.817211137566,1.51655095372531,6.52410864577646,4.6013756206243,817.817211137566,1,577.822222222222,4
1,9,6,Psi,0,1,274.754435814966,1.04036401006323,229.688920063637,0.178502297754026,0.983939494936824,525.188224147027,3.46334320798644,7.59402909956194,2.80920923822894,0,0,544.609756097561,2
1,9,7,Line,0,1,373.343005827081,0.0428691618911263,373.108563289561,0.999709030292408,0.0241216656102726,375.143415508419,1.81577498992176,2.2719565327563,1.87602418411012,0,0,592.777777777778,1
1,9,8,Infinity,0,-1,248.847342762586,0.25180116935586,2.23606797749979,0.447213595499958,-0.894427190999916,572.938062324091,2.0344439357957,6.55114080764781,1.5866199657332,572.938062324091,1,541.537037037037,1
1,9,9,Pound,-0.164398987305357,0.986393923832144,353.632577684805,0.657074935711654,193.829822266853,0.913172173043201,0.407574020736796,897.931537017632,1.46560763961124,6.09417062052242,4.537249557313,897.931537017632,1,654.826086956522,4
1,9,10,Line,-0.894427190999916,-0.447213595499958,401.498443334467,0.0498340176131314,399.281855335301,0.999294094305728,0.0375674471543507,404.508726954292,0.124354994546761,0.439449107116108,0.0341335807140388,0,0,609.473684210526,1
1,9,11,Psi,-1,0,257.124483470556,1.0497206442726,196.743487821071,0.294800100589597,0.955558946738695,456.389335483018,1.89254688119154,5.70092787537918,2.53018232118967,0,0,534.565217391304,2
1,10,1,Psi,0,-1,291.605898431427,1.23169393489895,244.663033578839,0.147141149496128,0.989115504946191,503.211454886747,4.17196948011411,7.07763187843606,3.66323241827271,0,0,498.333333333333,2
1,10,2,Pound,0,-1,351.400056915192,0.644070260695403,199.722307216795,0.916272210902092,0.400556157771406,909.67955589492,7.39033402497368,14.9450060344232,13.75038292157,0,0,589.474576271186,4
1,10,3,Infinity,-0.894427190999916,-0.447213595499958,229.172424170099,0.365920701642087,23.8537208837531,-0.838443616300637,-0.544988350595414,523.905473200259,0.927295218001612,11.6426016448307,5.938007222541,523.905473200259,1,588.7,1
1,10,4,Infinity,-0.707106781186547,-0.707106781186547,243.846263042926,0.395737491656979,15.0332963783729,0.997785157856609,0.0665190105237739,572.633698067982,3.6052402625906,10.8738518093564,4.00294005222041,0,0,576.280701754386,1
1,10,5,Psi,-0.707106781186547,-0.707106781186547,291.509862611885,1.1577966100742,257.629579047127,0.0698677537982055,0.997556262563267,529.320608107642,5.90565511175605,7.26602773464367,2.71726568212751,529.320608107642,1,548.53488372093,2
1,10,6,Psi,-1,0,278.095307403775,1.21833870396819,250.459577576902,0.107801826790632,0.994172402624717,475.392030399542,5.1760365893855,6.57690525595377,3.30120194333553,0,0,548.948717948718,2
1,10,7,Psi,-0.447213595499958,0.894427190999916,270.386760030886,1.15182096468695,247.977821588948,0.0887176113534362,0.996056818377215,488.423938848433,6.74683291618039,7.87396835681996,5.08924242353344,0,0,526.139534883721,2
1,10,8,Psi,-1,0,251.199124202295,1.1570182088221,194.280724725846,0.252212359559318,0.967671910145955,436.795367261198,3.14159265358979,6.5083080071982,2.50794588472445,436.795367261198,1,537.893617021277,2
1,10,9,Line,-1,0,245.051015096857,0.0204053306865381,243.032919580867,0.999864546823848,0.0164586756678823,248.452781636704,1.38777878078145E-17,3.92974960223369,5.03709129634753,0,0,503.125,1
1,10,10,Pound,0,1,340.640573038503,0.60591599667368,212.875550498407,0.892540263807428,0.450967712239543,821.945337879886,4.71238898038469,6.6034661379746,4.27234104097215,821.945337879886,1,567.450980392157,4
1,10,11,Infinity,0,-1,220.771374956084,0.341805171980889,2,0,-1,509.081175083797,2.11121582706548,7.53003736995272,1.87649970118295,509.081175083797,1,563.803571428571,1
1,10,12,Pound,0,1,306.104557300279,0.669638945676638,175.504985684168,0.735021854206145,0.678043415895591,758.802604758809,4.22783849293828,7.29244950681147,4.35687915973118,0,0,626.76,4
1,11,1,Pound,0,1,281.113855937412,0.554451526158787,180.679273852869,0.891081730443005,0.453842868921282,749.755707010713,1.5707963267949,8.26853686316593,4.89447255860085,749.755707010713,1,512.753424657534,4
1,11,2,Pound,0,1,296.624341550049,0.656312275700887,173.833253435584,0.788111579875406,0.6155324018005,810.970873719051,7.89242422399567,10.8914106873224,9.24157843652344,810.970873719051,1,567.763636363636,4
1,11,3,Pound,-0.274721127897378,0.961523947640823,293.20470664708,0.696048319115388,198.237231619088,0.670913323969126,0.741535779123771,807.580530630776,4.95621953839029,10.0782973540302,9.74479290503662,807.580530630776,1,583.32,4
1,11,4,Pound,-0.554700196225229,0.832050294337844,343.145741631745,0.688395077691315,212.90373411474,0.901816028724632,0.432120180430553,832.90756921897,5.30039158393226,7.83047810622224,4.35263273634352,0,0,582.303571428571,4
1,11,5,Line,-0.894427190999916,-0.447213595499958,246.519776082975,0.0649491689680228,241.350367722943,0.998548302510375,0.0538636013802277,252.929290680782,0.463647609000806,1.63815058552065,0.774322268514196,252.929290680782,1,474.52,1
1,11,6,Psi,-1,0,281.811994066967,0.936521357914593,208.676783567315,0.186891897283913,0.982380485723133,474.323180796039,0.321750554396642,5.89852800926864,4.01474387114102,474.323180796039,1,561.055555555556,2
1,11,7,Infinity,-0.447213595499958,-0.894427190999916,244.826469157238,0.298498931586179,15.2315462117278,-0.919145030018058,0.393919298579168,559.344834770518,1.72739820377691,8.42940644068351,2.46762844544734,0,0,579.14,1
1,11,8,Pound,0,1,283.621226286045,0.762958040524781,153.600130208278,0.800780571170187,0.598957825590709,718.2955537654,4.90978454023457,7.59564648993034,4.75657785103107,718.2955537654,1,501.75,4
1,11,9,Pound,0,1,313.0814590486,0.726642340681726,186.59046063505,0.857492925712544,0.514495755427526,711.570971473871,3.51182169494247,7.10276226325969,4.10185113112603,0,0,564.078431372549,4
1,11,10,Psi,-1,0,276.696584727748,1.18156533884358,245.081619057815,0.0938462871610713,0.995586698578321,481.312033169287,7.02316019115546,7.8805526563828,4.49177814051361,481.312033169287,1,545.414634146341,2
1,11,11,Pound,-0.124034734589208,0.992277876713668,293.981291921782,0.725229912242439,179.847157330885,0.906325139741357,0.422581046750572,707.709442061123,4.83674397493145,7.39258056713125,4.88852174982408,0,0,599.155555555556,4
1,11,12,Infinity,-1,0,260.909946150008,0.372677355577873,53.2634959423431,-0.769757960393397,0.638335869594524,574.337761746082,4.39063842598805,11.8411936552958,7.19277674387444,574.337761746082,1,495.067796610169,2
1,11,13,Psi,-0.447213595499958,0.894427190999916,302.034766210779,1.0434368448816,241.267486412902,0.136777650775224,0.990601773796318,516.236050883693,3.82390920846454,7.08123659634034,5.06858360511589,516.236050883693,1,626.771428571429,2
1,12,1,Psi,0,1,270.573465070025,1.09888444313444,234.795655837156,0.255541354826486,0.966798125760205,495.652714471877,6.39384252835348,6.45005262327439,5.17212541176664,0,0,529.842105263158,2
1,12,2,Pound,-0.0995037190209989,0.995037190209989,307.88471868542,0.741747746859323,195.389354878919,0.772815899277489,0.634630274903369,733.702001507326,4.73811859521791,7.3111788066877,5.92911471818978,733.702001507326,1,560.928571428571,4
1,12,3,Psi,-1,0,335.737993083893,1.19250233545344,299.808272067333,0.0733802301327399,0.997304036804056,596.933529076552,4.12438637683712,7.25213842092644,3.83586452975404,0,0,622.405405405405,2
1,12,4,Psi,0,-1,263.153947338815,1.1768821434386,224.742074387508,0.155734079145554,0.987799016294654,449.712248713227,3.29424198198506,11.5682020080816,9.47158347669622,449.712248713227,1,538.833333333333,2
1,12,5,Infinity,-0.707106781186547,-0.707106781186547,180.941979650937,0.409245895199033,19.7989898732233,-0.707106781186548,0.707106781186548,423.445385365556,0.982793723247329,8.74704469241096,2.79906890826923,0,0,534.566037735849,1
1,12,6,Infinity,-0.894427190999916,0.447213595499958,168.077363139716,0.53021577277663,11.3137084989848,0.707106781186547,0.707106781186547,393.833971390625,3.46334320798644,9.77746527402856,4.23727594474648,0,0,511.475409836066,1
1,12,6,Infinity,-0.447213595499958,-0.894427190999916,172.409396495667,0.294234565111188,6.32455532033676,0.948683298050514,0.316227766016838,382.494191129895,1.10714871779409,9.94791201418903,4.39305429290613,382.494191129895,1,511,1
1,12,7,Pound,-0.447213595499958,0.894427190999916,289.394194827747,0.680137543908449,182.321145235543,0.850148235958882,0.52654342356163,674.335525723571,5.1760365893855,7.41405204873904,4.77844416841597,674.335525723571,1,552.196078431373,4
1,12,8,Line,1,0,270.680623613882,0.140852122905063,269.67387711827,0.99379295786393,0.111245480357903,273.054778131836,1.11022302462516E-16,1.2605038672113,0.203338613240255,0,0,560.470588235294,1
1,12,9,Psi,0,1,277.694076278195,1.26726699019551,229.836898691224,0.156632813116594,0.987656904929633,451.961971418607,3.52209903070216,5.38636291001401,1.87445839416421,0,0,534.785714285714,2
1,12,10,Infinity,0.447213595499958,-0.894427190999916,163.49006085998,0.323684787961271,43.8292140016223,-0.456316647596275,0.889817462812737,338.957199423627,3.6052402625906,8.20231258477304,3.33582759250287,338.957199423627,1,515.796296296296,1
1,12,11,Infinity,-0.447213595499958,-0.894427190999916,216.536371078856,0.368500092987554,26.0192236625154,0.0384331221012044,0.999261174631314,484.81012461077,-0.463647609000807,10.6230170379316,5.45589624538935,0,0,563.074074074074,1
1,12,12,Line,-1,0,317.151383411771,0.0852360180362075,316.155025264505,0.996346649041751,0.0854011413464358,318.32452566757,0,0.707871628727098,0.0691374091734917,0,0,572.52380952381,1
1,12,13,Psi,-1,0,250.912335288642,1.12140800083671,218.888099265355,0.21015304237365,0.977668501477417,463.31546700265,6.28318530717959,9.87248811593186,7.69881986974207,463.31546700265,1,548.454545454546,2
1,12,14,Infinity,-1,0,195.450761062729,0.449918494542922,36.7151195013716,-0.871575537124549,0.490261239632559,465.448185910052,4.71238898038469,10.8896046749458,5.24296821811585,0,0,497.546875,1
2,1,1,Square,-1,0,215.076730494026,0.752515283591936,30.5286750449475,-0.851658316704544,0.524097425664335,570.07713002857,3.92699081698724,8.94999445543164,4.6164670865667,570.07713002857,1,717.430107526882,1
2,1,2,@,0,1,291.21984822467,0.631825815142472,126.178445068879,0.951034068730948,0.309086072337558,852.599317746342,14.7251695447016,18.8541395027322,7.61207211158392,852.599317746342,1,704.715596330275,1
2,1,3,Pi,-0.242535625036333,0.970142500145332,453.100430368368,0.384604714822214,290.993127066603,0.993150604322876,0.116841247567397,760.684597689494,3.88569974545112,5.87250828050221,3.28502211438165,760.684597689494,1,568.333333333333,3
2,1,4,Equals,-1,0,236.019067026374,0.261421168856949,226.046455402424,0.968827401474271,0.247736687134973,427.712682979372,3.14159265358979,4.72346155685066,3.39518572449029,427.712682979372,1,554.694444444444,2
2,2,1,Square,0,1,234.804173727811,0.649463559430334,12.0830459735946,-0.413802944301184,0.910366477462605,602.453806222194,1.95130270390726,7.17551676231143,1.91067977277597,602.453806222194,1,644.473684210526,1
2,2,2,Equals,1,0,239.85203772326,0.201483844513154,228.484135116642,0.993504428148219,0.113793458730633,406.555447250799,3.18504354898132,4.63096796399548,4.08249117032328,0,0,545.107142857143,2
2,2,3,@,-0.832050294337844,-0.554700196225229,249.551597871062,0.456479273003714,167.764716195033,0.995441734040523,-0.095371663141607,672.681639662807,12.4796322756832,13.1859934964532,3.68001272699916,672.681639662807,1,712.104651162791,1
2,2,3,@,0,-1,409.106343143198,0.505199171443598,204.362423160424,0.939507356737892,0.34252872381069,1086.21538347186,10.7587255266174,16.6505782501847,6.16672466417664,1086.21538347186,1,714.192307692308,1
2,2,4,Pi,0,1,365.016437986017,0.576604920828329,241.747802471915,0.996906683476464,0.0785943028466922,658.849717863637,4.42093218590682,6.80442983435148,4.39753114902562,658.849717863637,1,515.463414634146,3
2,3,1,Square,1,0,276.588141466694,0.757272589642813,10.6301458127347,-0.752576694706878,-0.658504607868518,701.007837594142,4.71238898038469,8.17100485961911,3.02135330088991,0,0,684.486486486486,1
2,3,2,@,1,0,416.42526340269,0.481905515518708,260.768096208106,0.997054485501582,0.076696498884737,1120.46146417423,13.8559347392358,18.2563405703535,6.43148507113459,1120.46146417423,1,679.095744680851,1
2,3,3,Equals,-0.707106781186547,-0.707106781186547,253.728201034099,0.291834295403687,242.860041999502,0.992341094960751,0.123527937132044,443.957540819244,0.785398163397448,4.38090674482739,2.76624892557038,443.957540819244,1,555,2
2,3,4,Square,-0.707106781186548,0.707106781186548,227.40272645683,0.685729510906286,44.5982062419555,-0.941741911594837,0.336336396998156,625.854131356594,1.37340076694502,12.695655842148,6.62088617732402,0,0,637.623188405797,1
2,3,5,Pi,0.707106781186547,-0.707106781186547,371,0.556599318010223,231.365511690917,0.989775867312163,-0.142631456861578,614.845978316526,4.66480587710771,6.30479974187636,4.7367697633317,614.845978316526,1,565.613636363636,3
2,4,1,Square,0,-1,244.002049171723,0.765111091934578,14.8660687473185,-0.336336396998156,-0.941741911594837,620.62962567369,1.5707963267949,8.62049782157574,2.8172510653555,620.62962567369,1,625.933333333333,1
2,4,2,Equals,-0.707106781186547,0.707106781186547,253.948813740092,0.234472841447181,246.174734690626,0.97085511354509,0.239667161921173,475.239425110299,-0.821097276076772,4.02583683966833,2.88529606868638,0,0,566.933333333333,2
2,4,3,Square,-1,0,240.468293128221,0.705919918789242,32.0156211871642,-0.999512076087079,-0.0312347523777212,632.927474708993,3.92699081698724,15.0016623731859,10.4721427563197,632.927474708993,1,629.506172839506,1
2,4,4,Equals,0,-1,234.795655837156,0.258407607891522,226.134915481887,0.990559107259765,0.137086305022557,454.070131837403,0.104876938730234,1.23603021130159,0.167683107052316,0,0,442.644444444444,2
2,4,5,Pi,0,1,485.309179801907,0.482078701394905,330.364949714706,0.995868357960236,-0.090808664859596,822.974331404709,4.62688368670648,7.49528969745836,5.76393564591179,0,0,559,3
2,4,6,@,-1,0,370.15807434122,0.399570800674834,178.353581405028,0.947555965339508,0.319589881800899,1035.26758939398,16.749512813912,17.9680647930553,7.8770913110226,1035.26758939398,1,649.181818181818,1
2,5,1,Equals,-1,0,198.76116320851,0.280372911044935,177.293541901559,0.970142500145332,0.242535625036333,396.413318479689,3.38657131671666,4.14510275208224,3.53042586728429,0,0,643.967741935484,2
2,5,2,@,0,-1,381.913602795187,0.591633669651837,172.255624001076,0.963684065252716,0.2670449819375,1058.9038629945,13.0734691187515,16.7742073801017,5.51681382826229,1058.9038629945,1,617.835164835165,1
2,5,3,Square,0,1,257.419890451379,0.6559324808084,6.32455532033676,-0.948683298050514,0.316227766016838,680.34339577624,4.71238898038469,9.87397898297718,6.28083987607271,680.34339577624,1,695.306666666667,1
2,5,4,Pi,0,1,405.228330697645,0.513330446724763,263.600075872523,0.993929911183724,-0.110015142840947,716.787247654753,1.35970299357215,8.74267989019119,6.45397549257075,716.787247654753,1,588.755555555556,3
2,5,5,Pi,0.948683298050514,-0.316227766016838,404.030939409348,0.407166725486963,283.015900613375,0.999943817243692,0.0106001111368589,654.518373773693,2.60874876597041,9.44818605912768,7.86531780605726,654.518373773693,1,541.622222222222,3
2,5,6,Pi,-0.196116135138184,0.98058067569092,408.024509067776,0.435146556808994,288.92386540402,0.989880152683369,0.141905896014049,706.460359992957,4.62373309851725,7.2483665133919,5.22119891565713,706.460359992957,1,566.55,3
2,5,7,Equals,1,0,217.697037187004,0.356620135951432,211.728599863127,0.935159445289859,0.354227062609795,324.789549242474,-0.0949517063427562,3.56538961173612,2.47932990555707,0,0,544.666666666667,2
2,6,1,Pi,0,-1,336.80409736225,0.409180259020466,241.530536371698,0.997803439765143,-0.0662442117686402,577.790821179825,4.57983744808802,5.85751439796241,4.97901074134229,577.790821179825,1,521.960784313726,3
2,6,2,Square,0.447213595499958,-0.894427190999916,246.868385987352,0.705111348114432,17.0293863659264,-0.998274373174996,0.0587220219514703,614.278015289315,3.92699081698724,10.899749590034,6.70971170694842,614.278015289315,1,613,1
2,6,3,Pi,-0.316227766016838,0.948683298050514,320.881598101231,0.547367544528349,209.002392330806,0.999988553572144,-0.00478463422761791,562.694346928444,1.76422365350574,7.16671680508881,5.5479131070581,0,0,566.358974358974,3
2,6,4,@,-0.832050294337844,-0.554700196225229,342.301037100386,0.496315721402722,155.862118553547,0.917477584207683,0.397787484062072,998.87803550386,11.9783680108116,17.0930107628294,7.90057246215769,998.87803550386,1,601.073170731707,1
2,6,5,Pi,0.707106781186547,0.707106781186547,286.232423041136,0.543415297180106,203.157574311174,0.999224373928918,0.0393783004504007,531.881479828022,3.62111194558239,6.58855319303489,4.97239590622196,0,0,516.410256410256,3
2,6,6,@,-0.894427190999916,-0.447213595499958,276.175668732783,0.69566548965375,89.2020179143947,0.795946119381931,0.605367471079215,888.074555160761,12.6890392698636,15.3745350753222,4.67416270617364,888.074555160761,1,600.365853658537,1
2,6,7,Equals,0,-1,211.442663623026,0.180699523279293,209.876153957518,0.991060661622862,0.133412012141539,337.096010995764,1.5707963267949,5.05899665323461,5.73128631499583,0,0,529.5,2
2,6,8,Square,-1,0,222.407284053378,0.635407760329009,29.2745623366089,-0.990621129243475,-0.136637397137031,552.927866965713,7.39033402497368,11.5655142105482,7.42683654273996,552.927866965713,1,640.893939393939,1
2,7,1,@,-0.707106781186547,-0.707106781186547,310.096759093029,0.52714594358641,129.448831589937,0.934732268447958,0.355352763211621,973.887869017582,12.9569776580569,17.4566887864561,6.66305398784129,0,0,625.268292682927,1
2,7,2,Pi,1,0,310.821492178388,0.470841729491098,215.281211442151,0.998693748329142,-0.0510959592168398,512.592269599297,2.95160436567108,8.05994736681159,6.08626414421717,512.592269599297,1,478.022727272727,3
2,7,3,Square,-1,0,222.407284053378,0.686678577372364,23.3238075793812,-0.514495755427526,-0.857492925712544,572.941152055124,4.71238898038469,8.7067899889797,4.23013675894213,0,0,612.014084507042,1
2,7,4,@,-0.8,-0.6,312.987220186384,0.536583902641866,149.723077713491,0.861590624304783,0.507603778660182,895.477729982521,12.5012454510248,16.6993134470891,7.23198217198692,895.477729982521,1,587.197530864198,1
2,7,5,Pi,0,1,249.435362368691,0.515665273008973,178.280677584532,0.998425642148464,0.0560913282105878,469.858210544665,4.46503502481287,5.68527352139775,2.64605586476945,0,0,478.023255813953,3
2,7,6,Square,-0.707106781186547,-0.707106781186547,234.087590444261,0.593926704860643,7.28010988928052,-0.274721127897378,-0.961523947640823,593.841582295253,7.85398163397448,11.0338599308219,6.13476377345283,593.841582295253,1,580.548780487805,1
2,7,7,Equals,1,0,168.884575968322,0.306770401629272,165.196852270254,0.974594841169323,0.223975211945745,291.258004833576,3.20034847630552,5.96775719580738,5.46922183718399,0,0,465.12,2
2,7,8,Equals,0.970142500145332,-0.242535625036333,163.232962357485,0.389607377252946,154.951605348251,0.948683298050514,0.316227766016838,287.034183764867,2.95211249570865,3.9320271482161,3.51033778335009,0,0,534.913043478261,2
2,7,9,@,-0.6,-0.8,314.396246796936,0.556239238808357,135.955875194859,0.897349966120578,0.441319655469137,929.489738687035,14.4890375086204,14.8373253826992,4.63079912592446,929.489738687035,1,583.24,1
2,8,1,@,1,0,329.492033287605,0.588844354190513,150.57224179775,0.956351571051339,0.29221853559902,966.113486831103,12.992998107486,21.3823698406453,14.2639685571774,966.113486831103,1,572.118811881188,1
2,8,2,@,1,0,335.005970096057,0.728377589311901,92.655275079188,0.572012764029932,0.8202447182316,1049.88549146184,16.9147806382342,20.6026940960534,9.31316628610955,1049.88549146184,1,542.68085106383,1
2,8,3,Pi,0.316227766016838,-0.948683298050514,358.644670948838,0.574855642567359,232.01939574096,0.999916404657043,-0.0129299535084962,723.814885637474,4.51848316667688,6.1066425507195,4.07471419795092,0,0,481.411764705882,3
2,8,4,@,0,-1,373.973261076243,0.564268188857932,200.564204184097,0.992200980277314,0.124648364356446,1036.12534133736,14.4682630178582,17.8936497806563,6.34760853485757,1036.12534133736,1,526.149425287356,1
2,8,5,Square,-0.707106781186547,-0.707106781186547,236.915596785015,0.56575802974209,3.16227766016838,0.316227766016838,-0.948683298050514,644.532713639874,1.67046497928606,8.41692915879611,4.53789163980357,644.532713639874,1,603.974358974359,1
2,8,6,Pi,-1,0,213.663286504725,0.818498652112787,38.0788655293195,0.919145030018058,-0.393919298579168,559.910814514596,5.1760365893855,14.0078010519951,8.12393482073083,0,0,516.801652892562,1
2,8,6,Pi,1,0,330.043936469071,0.465002621721646,213.037555374633,0.999823714769129,0.0187760322022372,552.010269783954,-3.67258094279913,9.32690704305015,8.69444202995769,0,0,573.375,3
2,8,7,Pi,-1,0,330.202967884906,0.639261279565183,181.024860171193,0.999862669850044,-0.0165723094450284,565.677268935368,1.03602208483323,7.81946958661616,7.0665076380756,565.677268935368,1,548.958333333333,3
2,8,8,Pi,-1,0,281.192105152332,0.512970630334419,195.368881861979,0.998111869922868,0.0614222689183303,530.057791156244,7.48680780015626,9.52564032767941,7.53167044657113,0,0,535.479166666667,3
2,8,9,@,-0.832050294337844,-0.554700196225229,354.369863278468,0.522996287731256,172.976877067428,0.948103600784003,0.317961573433659,966.376525798775,13.6483145868263,14.5111160399574,5.17621312692857,0,0,579.581081081081,1
2,8,10,Equals,1,0,201.121853611188,0.318605910674201,200.810856280232,0.951143795400479,0.308748247721621,362.561701458863,-0.0333209958782472,2.35095619622643,1.03631960278945,0,0,505.724137931034,2
2,9,1,Pi,0.894427190999916,-0.447213595499958,308.574140199726,0.409998124881272,217.919709985123,0.995779592469238,-0.0917769209649067,552.697221247174,1.42889927219073,9.15089243648499,6.90924417969736,552.697221247174,1,501.323076923077,3
2,9,2,Pi,0,-1,311.977563295824,0.505230511546383,222.524155992108,0.993150604322876,-0.116841247567397,572.173390651942,7.45919051427472,9.7827808576147,8.683344024536,0,0,498.415094339623,3
2,9,3,Pi,-1,0,320.257708728455,0.445493179148547,224.10934831015,0.999512076087079,0.0312347523777212,568.391692482043,4.39345377252898,7.45930754024476,6.64568724688783,568.391692482043,1,509.688888888889,3
2,9,4,Pi,-0.707106781186547,-0.707106781186547,305.098344800492,0.544354274792363,190.515091265758,0.99729632302441,0.0734849922228512,565.556692814235,4.52637720877005,8.26739356778116,6.38685428384844,565.556692814235,1,503.607843137255,3
2,9,5,@,1,0,348.909730446143,0.518790621904584,181.664525981271,0.985332711673461,0.170644212636186,1001.77877895201,14.326365963254,18.9602899491603,10.207928175461,0,0,534.451612903226,1
2,9,6,Equals,1,0,180.712478816489,0.228872673367896,176.918060129541,0.99481081734183,0.10174201540996,328.590374230486,-0.141897054604164,3.25661450293039,1.17244966816964,328.590374230486,1,506.592592592593,2
2,9,7,Square,-1,0,204.022057631032,0.628796286415433,19.313207915828,0.932004671541296,-0.362446261154948,546.312984941777,4.71238898038469,9.15929142678488,5.10796544490098,546.312984941777,1,605.783783783784,1
2,9,8,Equals,0.894427190999916,-0.447213595499958,174.040225235432,0.285402933377622,171.959297509614,0.971160050189569,0.238428515316002,278.166617520439,2.67794504458899,5.31379964772208,4.80523691614246,278.166617520439,1,486.206896551724,2
2,9,9,Square,-0.707106781186547,-0.707106781186547,190.965965554075,0.763179598070729,29.4278779391243,-0.985460115744348,0.169906916507646,437.333442658074,4.71238898038469,17.0040186537379,10.3724726533305,0,0,622.75,1
2,9,9,Square,0.707106781186547,-0.707106781186547,222.481459901719,0.721789821845181,6.08276253029822,-0.164398987305357,0.986393923832144,580.324226922335,3.06482076232002,9.49042224289903,3.43581940495423,580.324226922335,1,641.514285714286,1
2,9,10,Pi,0,-1,334.05388786841,0.412753259547619,240.208242989286,0.999133073092352,-0.0416305447121813,572.659452968721,1.92770826314657,7.55381959529119,4.75586277206176,572.659452968721,1,500.133333333333,3
2,9,11,Pi,1,0,320.039060116105,0.505581054874205,222.009008826219,0.999959421348412,-0.00900864343557128,544.828936053113,0.905123561390498,3.21410563771711,0.703397763501514,0,0,483.5,3
2,10,1,Equals,0,1,186.316934281348,0.188974706267032,143.401534161947,0.990226505105838,0.139468521845893,311.340680914876,-4.36361797680078,5.8294987127538,5.44993015620656,0,0,641.392857142857,2
2,10,2,Square,-1,0,200.262327960103,0.746548462528892,24.1867732448956,-0.992277876713668,-0.124034734589208,534.376290566998,4.71238898038469,10.9936973878908,6.65937030875891,0,0,646.589743589744,1
2,10,3,Square,-1,0,192.002604149006,0.84804670001468,13.3416640641263,-0.224859506698758,-0.97439119569462,473.141196893812,6.28318530717959,10.3178121600935,7.20825060808971,473.141196893812,1,602.975308641975,1
2,10,4,@,-0.707106781186547,-0.707106781186547,274.754435814966,0.530432316731669,132.966161108757,0.93256809827409,0.360994102557712,847.38635514102,15.2573019418683,17.5667655840105,6.7893629834287,0,0,594.232558139535,1
2,10,5,Pi,-0.447213595499958,0.894427190999916,283.980633142473,0.463647609000806,186.268623230001,0.998557871823269,0.0536859070872725,486.542827259208,4.9449459221896,7.46300104198788,3.44436986200108,0,0,523.219512195122,3
2,10,6,@,0,-1,271.154937259125,0.551171774061685,123.308556069723,0.924510055373128,0.381157654408219,762.608234115657,14.1806178365456,21.1200578973995,8.86482230468351,762.608234115657,1,567.294117647059,1
2,10,7,Equals,0.894427190999916,0.447213595499958,154.690012605856,0.295171947663779,154.690012605856,0.956752136138858,0.290904365717896,259.4715948965,0.266252049150925,3.91221048839708,2.13437995857136,0,0,487.703703703704,2
2,10,8,Equals,1,0,168.834238233837,0.263654652394625,154.120083052145,0.960290165104089,0.279003223645107,243.364188756726,-0.291456794477867,3.92383102582975,2.20844894934458,0,0,530.214285714286,2
2,10,9,Pi,0,1,255.378150983987,0.475906189315997,160.527256252638,0.996715472095232,0.0809831321077376,472.557038766586,2.80199910625287,7.88312790520488,7.49216303347485,472.557038766586,1,533.239130434783,3
2,10,10,@,-0.832050294337844,-0.554700196225229,246.44674881199,0.624023052976757,72.9451848993475,-0.877371139552385,0.479812341942711,693.965353315276,15.5105677080991,16.8326540458005,6.32528745040209,693.965353315276,1,516.469135802469,1
2,10,11,Pi,0,-1,283.047699160407,0.5173932676631,187.771137292183,0.995893206467704,-0.0905357460425185,493.704366040623,1.10714871779409,9.25840196136329,7.91594071680951,493.704366040623,1,505.666666666667,3
2,10,12,Square,0.707106781186547,-0.707106781186547,172.539850469392,0.793594701147361,23.3238075793812,-0.857492925712544,-0.514495755427526,429.059602734416,6.28318530717959,8.73517818263378,6.27878695896975,429.059602734416,1,668.464788732394,1
2,11,1,Square,-0.894427190999916,0.447213595499958,216.953912156476,0.531724067258806,13.6014705087354,-0.588171697675046,0.808736084303188,541.352513909036,6.14128825257542,12.7021401442438,6.54348570085248,0,0,630.5125,1
2,11,2,Equals,0,1,205,0.221314442347791,196.75619431164,0.975826965304548,0.218544580771331,336.59198694302,1.26791145841993,3.11884242211429,2.74153979735741,0,0,539.4,2
2,11,3,Square,-0.707106781186547,0.707106781186547,225.674544421829,0.66920466660724,29.0688837074973,0.653619870346092,-0.75682300776916,539.057615332448,2.35619449019234,10.0165246332421,4.52557410292524,0,0,634.945205479452,1
2,11,4,Equals,1,0,135.162864722527,0.277283399192369,133.416640641263,0.97439119569462,0.224859506698758,239.467905844792,3.14159265358979,4.85043585576783,3.65885327986018,239.467905844792,1,515.3,2
2,11,5,Square,-0.707106781186547,-0.707106781186547,199.150696709803,0.852911060005103,3,0,-1,515.389765457275,3.14159265358979,9.2167507139402,3.04342691155057,515.389765457275,1,616.881578947368,1
2,11,6,Square,0,-1,191.551559638652,0.866700035005845,16.4012194668567,0.609710760849692,-0.7926239891046,437.065729673905,-3.33066907387547E-16,10.6364590511482,6.46295989307279,437.065729673905,1,641.417582417582,1
2,11,6,Square,1,0,214.273190110196,0.669638945676638,26.4764045897475,-0.982006446980647,0.188847393650124,579.51876276587,2.27942259892257,10.7453829995273,4.01043586922063,0,0,653.779220779221,1
2,11,7,Square,-0.447213595499958,0.894427190999916,202.632672587616,0.84825232382302,4.47213595499958,0.447213595499958,0.894427190999916,536.596726386934,0.463647609000806,12.3785506982642,5.04394289374524,536.596726386934,1,650,1
2,11,8,Pi,-0.242535625036333,0.970142500145332,267.20029940103,0.534001103171599,164.19500601419,0.998812351124897,-0.0487225537134096,490.202250265472,4.21968346773221,5.28930891307523,3.01922737141551,0,0,467.2,3
2,11,9,@,0,-1,294.771097633401,0.483371909579655,143.586211037133,0.96805953020136,0.2507204538651,829.385806266789,13.6865056150734,14.8610717397161,5.5159393349187,829.385806266789,1,595.523255813953,1
2,11,10,Square,-0.707106781186547,-0.707106781186547,151.327459504216,0.776052641089958,14.3178210632764,0.419058177461747,-0.907959384500452,370.587747323068,5.49778714378214,12.0390515498418,6.62428605125951,0,0,611.185185185185,1
2,11,11,Pi,-1,0,250.049995001,0.442184000418644,181.176709319934,0.999024657636196,0.0441557859728705,422.115652329697,5.43491865661241,8.72540414735326,5.88155690323914,422.115652329697,1,484.577777777778,3
2,11,12,Equals,1,0,157.28000508647,0.28353978571432,152.085502267639,0.966561557861778,0.256434699024553,245.015326967762,0.832981266674432,1.82228773308666,0.589001675280721,0,0,521.086956521739,2
2,11,13,Pi,0,-1,272.356384173384,0.468573677529229,177.552809045647,0.99688650915399,0.0788497803850613,500.98797666126,1.06369782240256,10.699505394874,9.90052253712484,500.98797666126,1,516.5,3
2,12,1,@,0,-1,338.178946713127,0.486130592454571,189.973682387851,0.931708001735926,0.363208204066548,887.043382327813,14.1371669411541,16.799273377003,7.70040283091121,0,0,543.759036144578,1
2,12,2,@,-0.707106781186547,-0.707106781186547,749.321025996201,0.285448941413659,618.341329687738,0.9881273831535,0.153636827167893,783.286222048396,20.2229566884838,22.5036981688223,10.6636403877651,391.643111024198,2,631.777777777778,2
2,12,2,@,0,-1,358.235955761004,0.453660425461891,139.542108340099,0.888620657054864,0.458642919770252,993.142407311079,14.01019415154,17.1390481238925,6.61122856415982,993.142407311079,1,675.452631578947,1
2,12,3,Equals,-1,0,169.640796979972,0.280728804024749,168.404275480167,0.961970826085581,0.273152209876153,232.752557295914,2.96173915379731,5.70202605274734,5.65116801071841,0,0,513.035714285714,2
2,12,4,@,0.707106781186547,-0.707106781186547,286.602512201132,0.639314113023506,107.647573126383,0.817482433130973,0.575953532433185,759.888163777392,12.267871682773,19.586134910543,7.67188793055748,759.888163777392,1,594.722772277228,1
2,12,5,Square,-1,0,208.580919549224,0.866850207703319,28.6530975637888,-0.87250601594972,-0.488603368931843,526.423738120867,2.0344439357957,7.79679965517214,2.18512304576625,0,0,667.5,1
2,12,6,Pi,-1,0,223.006726355955,0.600439773179476,127.035428129321,0.999721116149698,-0.023615459436607,411.178302620382,6.0258615922085,7.33119115516278,4.14329630245715,411.178302620382,1,473.384615384615,3
2,12,7,Equals,-0.707106781186547,0.707106781186547,143.533968105114,0.686709902749042,129.417927660738,0.718602141766591,0.695421427516056,194.643059458072,4.24874137138388,5.22954145384957,3.59671186589094,0,0,557.803571428571,1
2,12,7,Equals,-1,0,174.195292703333,0.219914275242624,171.143214881572,0.987477067770082,0.157762608460309,225.761842691331,5.55111512312578E-17,2.02919031721027,1.21859194103657,0,0,547.904761904762,2
2,12,8,Pi,-0.351123441588392,0.936329177569045,273.645756407805,0.409690213948322,144.346804606129,0.99759742096768,-0.0692775986783111,439.445079282624,5.07115965065526,6.1617057073265,4.6483285371399,439.445079282624,1,513.758620689655,3
2,12,9,Pi,-0.242535625036333,0.970142500145332,331.850870120902,0.389459691308184,205.204775772885,0.989255728749095,0.146195427893955,528.940230958939,7.75593635668064,8.85835240271967,7.58228731668305,0,0,522.117647058824,3
2,12,10,@,-0.707106781186547,-0.707106781186547,358.468966578698,0.401228799004849,187.747170418092,0.932104593695312,0.362189213550178,842.22526243108,13.2274137832099,15.2881674362585,5.07584488127619,842.22526243108,1,571.345238095238,1
2,12,11,Equals,1,0,157.813180691601,0.335777690440806,153.055545472877,0.973502786453458,0.228675151180343,243.157566295633,0.110657221173896,2.74726183417392,1.34645102562514,0,0,555.782608695652,2
2,12,12,@,-0.98058067569092,-0.196116135138184,292.058213375347,0.449865939491554,136.824705371508,0.811256999959265,0.584689729700371,805.704192088887,9.62217352061926,14.5746239464485,5.90871566131166,805.704192088887,1,585.076923076923,1
-1,-1,-1,@,-1.79769313486232E+308,-1.79769313486232E+308,-1.79769313486232E+308,-1.79769313486232E+308,-1.79769313486232E+308,-1.79769313486232E+308,-1.79769313486232E+308,-1.79769313486232E+308,-1.79769313486232E+308,-1.79769313486232E+308,-1.79769313486232E+308,-1.79769313486232E+308,0,-1.79769313486232E+308,-1
3,1,1,Circle,0,-1,224.877744563574,0.797976116409731,53.1507290636732,-0.978349703118941,-0.206958591044391,542.463007632348,9.20610901489544,17.0600906488699,11.6189103694372,542.463007632348,1,599.943396226415,1
3,1,2,Triangle,0,1,261.266147826311,0.583756344567719,44.8218696620299,-0.78086880944303,-0.624695047554424,557.309558081951,-1.83704837594582,9.4262621361275,6.83609274591332,0,0,598.211267605634,1
3,1,3,Arrow,-1,0,276.57367915259,0.608060093927303,174.186681465605,0.838181190269875,0.545391870381083,586.734403615141,0.197395559849882,12.1773709003685,6.98236050686116,586.734403615141,1,632.279569892473,1
3,1,4,Star,-1,0,472.71238612924,0.457971227205876,84.8999411071645,-0.965842837234668,0.25912856608735,1579.24488384635,-1.24904577239825,9.94247189143404,5.42705662912129,0,0,623.311827956989,1
3,1,5,Plus,-1,0,330.103014224348,0.569517314388294,173.611635554763,0.950397129044689,0.311039060414625,466.783455726417,2.78282198331922,3.82083090647409,2.17119781091407,466.783455726417,1,560.4,2
3,2,1,Plus,0,-1,183.56470248934,1.37340076694502,139.51702405083,0.0860110089190838,0.996294186646054,345.681542874707,2.25652583770118,7.33088832818523,8.07547895328858,0,0,346.357142857143,2
3,2,1,Plus,0,-1,329.802971484491,0.573705848515279,193.693056148123,0.924142576712265,0.382047769143618,474.280657282379,-2.05769555860617,4.75195664355539,3.29135606332193,474.280657282379,1,528.515151515152,2
3,2,2,Circle,0,-1,248.203545502477,0.79394496383006,74.1080292545956,-0.998542273277508,-0.0539752580150005,636.271388158655,8.96113035176857,9.2449244609769,2.70519930072003,636.271388158655,1,588.404761904762,1
3,2,3,Arrow,-1,0,433.169712699307,0.428538075441024,383.888004501313,0.992476960812921,0.122431541097657,789.182046756411,2.2730532583039,7.34985046701004,2.62050880659743,789.182046756411,1,679,1
3,2,3,Arrow,-0.707106781186547,0.707106781186547,244.376758305695,0.503918864869406,208.062490612796,0.994893406256615,-0.100931215127483,542.386690897528,1.05165021254837,10.5733948338817,5.81748271652346,0,0,652.067961165049,1
3,2,3,Arrow,-1,0,216.453228204155,0.459515401115354,94.8683298050514,0.948683298050514,0.316227766016838,411.70980722429,3.14159265358979,10.5909116867409,7.70860088019754,411.70980722429,1,590.184615384615,2
3,2,4,Star,-0.857492925712544,0.514495755427526,325.886483303619,0.588853667171877,44.8218696620299,-0.78086880944303,0.624695047554424,1124.027202658,2.15506760437581,12.6846287622743,8.02473570625471,1124.027202658,1,676.714285714286,1
3,2,5,Triangle,0,-1,176.105082266242,0.805475786410972,25.8069758011279,-0.581238193719096,-0.813733471206735,402.419821465587,-0.785398163397449,6.79343850624639,2.54578827644289,0,0,647.258064516129,1
3,3,1,Arrow,0,-1,234.48027635603,1.28546690661276,40.6078810084939,0.788024373724563,-0.615644041972315,471.86893524466,4.71238898038469,12.5102795290651,6.97167761836158,471.86893524466,1,456.516666666667,2
3,3,2,Plus,0,1,246.221445044903,0.702018438787557,122.588743365776,0.832050294337844,0.554700196225229,360.835019525978,0.690446457054692,2.77759467086611,1.10182715776568,360.835019525978,1,494.46875,2
3,3,3,Triangle,-0.707106781186547,0.707106781186547,196.400101832967,0.644519438380184,13.0384048104053,-0.997054485501581,0.076696498884737,435.499096750944,-2.35619449019234,8.13641044002389,4.14817476131572,435.499096750944,1,532.212121212121,1
3,3,4,Star,0.707106781186547,-0.707106781186547,301.212549539358,0.579715500443679,44.9110231457712,-0.979714932282565,0.200396236148707,1000.02790658761,1.89254688119154,10.5795839031643,7.31705226301226,0,0,644.379310344828,1
3,3,5,Circle,-0.554700196225229,-0.832050294337844,176.867181806009,0.753409079358133,64.0312423743285,-0.968277323709358,0.24987801902177,468.553443670505,8.45626898010945,8.55143518666342,2.57624119646122,468.553443670505,1,568.189189189189,1
3,3,6,Star,-0.707106781186547,0.707106781186547,322.81573691504,0.68006261428891,49.8196748283246,-0.782823254756108,0.622244125575368,1106.52305865704,-1.64756821806467,9.24179612252009,3.9291802927219,1106.52305865704,1,656.822916666667,1
3,4,1,Arrow,1,0,197.914122790669,1.02344452856223,32.5576411921994,0.737154140200741,-0.675724628517346,495.559356557541,0.321750554396642,11.6312782003585,6.73654099430065,495.559356557541,1,558.918604651163,2
3,4,2,Circle,0,-1,195.389354878919,0.883266313693081,52.773099207835,-0.985350505855448,0.170541433705751,504.664021035145,9.05760412695116,9.05760412695116,2.70290621129602,0,0,586.473684210526,1
3,4,3,Arrow,-0.554700196225229,0.832050294337844,249.775899557984,1.15013297766186,21.0237960416286,0.0475651494154494,-0.998868137724438,552.357326800697,4.37309636593065,12.8299565669754,7.48031167342851,552.357326800697,1,583.357142857143,2
3,4,4,Plus,0,-1,246.089414644352,0.796891910112479,131.54847015454,0.85139720643216,0.524521493248384,369.03140036662,-5.03413953478133,12.0046167420364,11.7006162712277,0,0,469.894736842105,2
3,4,5,Star,-1,0,278.870937890631,0.701625219653682,41.9761837236307,-0.976744343171884,0.214407294842609,1017.36848705333,2.43933572208079,12.7230674485046,8.83302722238686,1017.36848705333,1,608.989583333333,1
3,4,6,Circle,-0.857492925712544,-0.514495755427526,193.196790863617,0.825669419266048,74.3034319530397,-0.874791356085416,0.484499827985769,514.855303287193,7.8063985306975,7.8063985306975,2.1505407146434,0,0,561.138888888889,1
3,4,7,Triangle,0,-1,253.26863208854,0.70434364306405,17.2626765016321,-0.173785333909048,0.984783558817937,584.008263852947,0.566729217523507,8.82534196014959,3.82875725796216,584.008263852947,1,614.186440677966,1
3,5,1,Plus,0,-1,279.406513882551,0.861393657307701,130,0.861538461538462,0.507692307692308,418.700105610695,0.643501108793284,4.61874291482724,2.11767910918684,0,0,493.441860465116,2
3,5,2,Arrow,0.707106781186547,-0.707106781186547,224.839943070621,1.02351194580746,18.0277563773199,0.554700196225229,-0.832050294337844,693.322947814529,-2.55359005004222,16.0793312379499,9.43247249800232,693.322947814529,1,632.2578125,1
3,5,3,Star,-0.650791373455968,0.759256602365297,257.287776623764,0.716636218863069,68.60029154457,-0.801745863780567,0.597665098454605,891.484229394761,-0.862170054667226,14.4487123132129,9.37640948637687,891.484229394761,1,607.755319148936,1
3,5,4,Circle,0,-1,187.018715640975,0.845930183179555,66.2721661031236,-0.995893206467704,0.0905357460425185,534.784103318554,8.87312297824083,8.87312297824083,2.8522370311154,0,0,577.975,1
3,5,5,Star,-0.707106781186547,0.707106781186547,338.402127652886,0.647047193220323,80.0562302385017,-0.999297615709181,0.0374736605890943,1121.79143305618,-0.463647609000805,9.98566026271174,6.24243384044419,1121.79143305618,1,610.04347826087,1
3,5,6,Triangle,0,-1,227.378539004894,0.726277110603005,46.5295604965274,-0.988618837339611,0.150441996986463,505.14796256487,-0.376909270324821,9.1675764399609,6.5518376098585,505.14796256487,1,576.344827586207,1
3,5,7,Star,-1,0,310.233782815476,0.696389120755631,8.06225774829855,-0.124034734589208,0.992277876713668,1138.24617470062,-2.39321460606627,13.3188000846883,6.39959256042291,1138.24617470062,1,632.981651376147,1
3,5,8,Arrow,0,1,225.9424705539,1.07745447818718,44.7213595499958,0.178885438199983,-0.983869910099907,507.188617690973,1.5707963267949,7.69440159683255,3.03935752329933,507.188617690973,1,530.260869565217,2
3,6,1,Plus,-0.707106781186547,0.707106781186547,258.04263213663,0.461914508482977,125.590604744145,0.939560727813928,0.342382299118635,352.516301856114,1.09556622418543,4.36378055459786,2.27278559871256,352.516301856114,1,500.15625,2
3,6,2,Triangle,0,-1,238.314917703446,0.612444766409215,52.4976189936268,-0.952424147199324,-0.304775727103784,524.221694647411,0.497342716346821,8.17205543029666,4.57296965622616,0,0,583,1
3,6,3,Triangle,0,-1,227.905682245968,0.875496252904489,20.6155281280883,-0.776114000116266,-0.630592625094466,521.280312903426,-2.61918922187326,8.32244932001539,3.48935592040528,521.280312903426,1,645.033898305085,1
3,6,4,Plus,0,-1,219.73848092676,0.679005308698544,109.658560997307,0.911921505175107,0.410364677328798,318.627799217215,-3.4198923125949,5.52169164694875,4.24517389873631,0,0,538.59375,2
3,6,5,Star,-1,0,292.605536516314,0.526352432908308,24.3515913237718,-0.944496796706159,-0.328520624941273,1055.09200847406,2.35619449019234,9.80908272459683,4.66327104329052,1055.09200847406,1,656.627450980392,1
3,6,6,Star,-1,0,278.469028798536,0.6657675431503,38.2099463490856,-0.994505452921406,0.104684784518043,1072.3645146683,-1.89254688119154,17.459601448351,11.8969793072909,1072.3645146683,1,665.93137254902,1
3,6,6,Star,-0.707106781186547,0.707106781186547,315.673882353292,0.513252272866261,34.1760149812701,-0.936329177569045,-0.351123441588392,1085.30975463963,-5.1760365893855,11.8811613814748,6.98845518756401,0,0,691.126213592233,1
3,6,7,Circle,0.164398987305357,-0.986393923832144,197.284059163431,0.781813949355156,68.7677249878168,-0.756168682462777,0.654376744438942,553.730732925215,9.36312779013012,9.58942975331109,3.75232520816475,553.730732925215,1,584.9,1
3,6,8,Arrow,-0.707106781186547,0.707106781186547,259.422435421457,0.446407937806276,131.213566371774,0.983130049483585,0.182907916182992,495.167610270869,-0.141897054604164,12.6578018420644,8.50466005496877,495.167610270869,1,592.015873015873,2
3,6,9,Circle,0.242535625036333,-0.970142500145332,201.556443707464,0.802940223454851,90.6200860736735,-0.926946813223158,0.375192757733183,611.351553193814,9.47236106404636,9.47236106404636,3.1878266520951,0,0,619.926829268293,1
3,7,1,Arrow,-0.707106781186547,-0.707106781186547,259.834562750994,1.11231218309285,56.5685424949238,0.14142135623731,-0.989949493661166,550.489590183221,3.6052402625906,11.687712339571,6.65081105257979,550.489590183221,1,576.178571428571,2
3,7,2,Triangle,-1,0,197.344875788555,0.760313820213083,74.706090782479,-0.883462102068378,0.468502629884746,511.018245183267,0.88506681588861,10.7182753955334,6.92435831701741,0,0,618.717948717949,1
3,7,3,Triangle,-0.894427190999916,0.447213595499958,244.034833579143,0.811479204688201,32.3882694814033,-0.988012033751101,-0.15437688027361,587.303806563627,3.78509376238308,9.56300676843582,5.72601507307343,587.303806563627,1,656.46875,1
3,7,4,Plus,0,1,249.689807561302,0.75990793489798,115.485929878925,0.874565413344188,0.484907555913609,366.929131961674,-2.96888016046822,3.86799071551145,2.71198306500088,0,0,560.375,2
3,7,5,Triangle,-0.707106781186547,0.707106781186547,269.903686525397,0.690943228002402,35.0142828000232,-0.999592086460695,0.028559773898877,617.745216441866,0.812418612584713,8.88412944912976,5.35029419190513,0,0,583.809523809524,1
3,7,6,Star,0,-1,349.778501340491,0.517373066459111,20.2237484161567,-0.988936352868298,-0.148340452930245,1283.80024068792,0.124354994546762,13.7624176455874,8.57277527008025,1283.80024068792,1,649.032608695652,1
3,7,7,Circle,0,-1,218.826415224488,0.84035893791887,94.578010129205,-0.5498106793425,0.835289301308797,603.331016061506,9.53543518194327,9.68897896448283,3.37131471167902,0,0,563.46511627907,1
3,7,8,Triangle,-1,0,258.379565755499,0.697711508267948,44.2831796509691,-0.993605254789719,0.112909688044286,592.780209759622,0.540419500270584,13.6001524347554,10.2414764280551,592.780209759622,1,589.265625,1
3,7,9,Triangle,-0.894427190999916,-0.447213595499958,282.3915721122,0.742817400481552,21.1896201004171,-0.943858356366017,0.330350424728106,639.512755073081,0.426627493126876,9.64163890826307,5.61777047040084,0,0,630.016949152542,1
3,7,10,Star,-0.894427190999916,0.447213595499958,376.378798552735,0.579159797934063,60.4152298679729,-0.976574948550794,0.215177531036616,1293.94932998491,-0.873774949542296,13.1388549904553,8.64518331625828,1293.94932998491,1,587.855855855856,1
3,8,1,Triangle,-0.707106781186547,-0.707106781186547,240.360146446952,0.711785106386442,47.6759897642409,-0.985821169784127,-0.167799348048362,524.631412260984,0.600050213401754,6.37066492462526,2.57426279596851,524.631412260984,1,600.203125,1
3,8,1,Triangle,-1,0,264.092786724666,0.734503813944261,31.3049516849971,-0.894427190999916,0.447213595499958,591.316115574231,-2.94419709373991,9.46215143354455,5.51735397246185,0,0,623.051724137931,1
3,8,2,Plus,0,1,201.019899512461,0.880516619780347,84.8115558164098,0.6131239958923,0.789986687015078,298.43288659446,-1.65393755868334,4.33629547165002,2.62899559618222,0,0,516.2,2
3,8,3,Circle,-0.371390676354104,-0.928476690885259,216.374675043084,0.785398163397448,109.87720418722,-0.655276956968428,0.755388714283049,602.745392682501,9.15492880483091,9.15492880483091,2.87505692552651,602.745392682501,1,551.102564102564,1
3,8,4,Triangle,-0.894427190999916,-0.447213595499958,288.555020749943,0.765792832540244,17,-0.882352941176471,-0.470588235294118,688.389186324918,-4.29416465080546,11.1223060148722,6.73960467599278,0,0,610.772727272727,1
3,8,5,Arrow,-1,0,266.593323247226,0.483779117131209,95.4620343382645,0.701849698306126,0.712325066937561,536.401528577876,1.5707963267949,11.9770890641503,9.31015418821929,536.401528577876,1,583.725806451613,2
3,8,6,Star,-1,0,351.365906143439,0.724987886979726,76.0591874792257,-0.63108746741622,0.775711678699104,1185.33692145236,1.5707963267949,12.7058900814588,7.30175993240606,1185.33692145236,1,649.597701149425,1
3,8,7,Plus,-1,0,212.285185540584,0.695341412432374,90.8019823572151,0.903063984632097,0.429506041471363,316.35692553694,3.05845142170135,8.44970995845622,7.28214274114411,0,0,504.911764705882,2
3,8,8,Plus,-0.316227766016838,0.948683298050514,226.808289090148,0.716756174307614,98.351410767716,0.681230695899614,0.732068807533914,336.014506173532,-2.35619449019235,5.76879085460282,4.65111677021881,336.014506173532,1,517.9375,2
3,8,9,Arrow,-1,0,265.203695298538,0.638222123140743,210.373477415762,0.993471242512918,0.114082822106747,697.452273031429,-3.6052402625906,11.2192882246016,4.60539857931847,697.452273031429,1,643.842696629213,1
3,8,10,Circle,0,-1,230.722777375794,0.696403091528773,90.3382532485547,-0.896630132720614,0.442780312454624,631.288188873794,9.42477796076938,9.42477796076938,2.89313155258993,0,0,585.170731707317,1
3,8,11,Arrow,-1,0,293.751595740347,0.571951102174283,227.607117639146,0.992939071256577,-0.118625464265166,765.614840977819,-6.14128825257542,19.887520796674,13.398957225889,382.807420488909,2,573.961165048544,2
3,9,1,Triangle,0.447213595499958,-0.894427190999916,207.171426601257,0.703390717871263,27.459060435492,-0.837610596838614,-0.546267780546922,446.504156461136,-4.80304886758543,8.87946364011939,6.78857330182084,446.504156461136,1,586.183333333333,1
3,9,1,Triangle,0,1,218.686990925386,0.876058050598193,122.983738762488,-0.178885438199983,0.983869910099908,620.399505745105,-1.81577498992176,5.99175266410785,2.18219529013239,620.399505745105,1,658.727272727273,1
3,9,1,Triangle,-0.894427190999916,0.447213595499958,255.876923539424,0.716256475891378,38.2099463490856,-0.732793491626299,-0.680451099367278,609.417354831503,-3.78835107985308,10.715275009009,7.19782584987259,609.417354831503,1,604.217391304348,1
3,9,2,Plus,0,-1,190.591185525459,0.722285069782428,97.4166310236604,0.852010576919264,0.52352457136003,280.080332135591,-2.07789483118723,5.27393041365843,3.00952783303882,0,0,546.212121212121,2
3,9,3,Circle,0,-1,218.524598157736,0.76921834565781,77.4209274033836,-0.813733471206735,0.581238193719096,548.819942267058,9.00655363119015,9.00655363119015,2.76128573782749,548.819942267058,1,587.605263157895,1
3,9,4,Star,-1,0,291.809869606907,0.651725734852835,25.0199920063936,-0.0399680383488716,0.999200958721789,972.215907102105,0.380506377112365,14.3867140124987,9.08415164571129,0,0,640.04347826087,1
3,9,5,Arrow,-0.894427190999916,0.447213595499958,231.244459393085,0.481053974642867,110.909873320638,0.892616653828402,-0.450816491832526,489.947628143255,1.10714871779409,16.5756072691091,10.433569778068,489.947628143255,1,624.924050632911,2
3,9,5,Arrow,-0.707106781186547,0.707106781186547,263.825700036975,0.348123335280685,152.200525623271,0.959260813338985,0.282522020366961,457.269359730121,1.38777878078145E-16,8.42182579705009,3.10554122151232,0,0,628.060606060606,2
3,9,6,Circle,1,0,179.212164765677,0.726178948685237,64.5600495662759,-0.960346226753624,0.278810194863955,497.843299820439,10.9955742875643,11.965416277614,5.67486466930889,0,0,580.808510638298,1
3,9,7,Arrow,-1,0,221.370729772479,0.463647609000806,107.689368091748,0.98431258236831,0.17643338740564,355.690496240792,-4.71238898038469,10.3078705786017,6.97075920441935,355.690496240792,1,559.578947368421,2
3,9,7,Arrow,-0.894427190999916,-0.447213595499958,208.655218003289,0.414331405205994,183,1,0,445.989103138295,-4.051345811534,17.300470930459,15.8879502298061,445.989103138295,1,677.471698113208,1
3,9,8,Triangle,-1,0,231.898684774192,0.709093998941083,36.7695526217005,-0.707106781186548,0.707106781186548,511.229348840511,0.785398163397449,8.99584321367629,6.46793673892615,0,0,651.547169811321,1
3,9,9,Triangle,-0.894427190999916,0.447213595499958,155.322245670091,1.22257537816102,153.055545472877,0.32014521165248,-0.947368483461419,160.274037893409,-2.0344439357957,2.88945176997927,2.77423257791474,0,0,633.904761904762,1
